<?xml version="1.0" encoding="UTF-8"?>
<configurationDescriptor version="100">
  <logicalFolder name="root" displayName="root" projectFiles="true" kind="ROOT">
    <logicalFolder name="HeaderFiles"
                   displayName="Header Files"
                   projectFiles="true">
      <itemPath>Aula.h</itemPath>
      <itemPath>Curso.h</itemPath>
      <itemPath>Estudiante.h</itemPath>
      <itemPath>Gestor.h</itemPath>
      <itemPath>ListaAulas.h</itemPath>
      <itemPath>ListaCursos.h</itemPath>
      <itemPath>ListaEstudiantes.h</itemPath>
      <itemPath>ListaGeneralEstudiantes.h</itemPath>
      <itemPath>NodoCurso.h</itemPath>
      <itemPath>NodoEstudiante.h</itemPath>
      <itemPath>NodoGeneral.h</itemPath>
    </logicalFolder>
    <logicalFolder name="ResourceFiles"
                   displayName="Resource Files"
                   projectFiles="true">
    </logicalFolder>
    <logicalFolder name="SourceFiles"
                   displayName="Source Files"
                   projectFiles="true">
      <itemPath>Aula.cpp</itemPath>
      <itemPath>Curso.cpp</itemPath>
      <itemPath>Estudiante.cpp</itemPath>
      <itemPath>Gestor.cpp</itemPath>
      <itemPath>ListaAulas.cpp</itemPath>
      <itemPath>ListaCursos.cpp</itemPath>
      <itemPath>ListaEstudiantes.cpp</itemPath>
      <itemPath>ListaGeneralEstudiantes.cpp</itemPath>
      <itemPath>NodoCurso.cpp</itemPath>
      <itemPath>NodoEstudiante.cpp</itemPath>
      <itemPath>NodoGeneral.cpp</itemPath>
      <itemPath>main.cpp</itemPath>
    </logicalFolder>
    <logicalFolder name="TestFiles"
                   displayName="Test Files"
                   projectFiles="false"
                   kind="TEST_LOGICAL_FOLDER">
    </logicalFolder>
    <logicalFolder name="ExternalFiles"
                   displayName="Important Files"
                   projectFiles="false"
                   kind="IMPORTANT_FILES_FOLDER">
      <itemPath>Makefile</itemPath>
    </logicalFolder>
  </logicalFolder>
  <projectmakefile>Makefile</projectmakefile>
  <confs>
    <conf name="Debug" type="1">
      <toolsSet>
        <compilerSet>default</compilerSet>
        <dependencyChecking>true</dependencyChecking>
        <rebuildPropChanged>false</rebuildPropChanged>
      </toolsSet>
      <compileType>
      </compileType>
      <item path="Aula.cpp" ex="false" tool="1" flavor2="0">
      </item>
      <item path="Aula.h" ex="false" tool="3" flavor2="0">
      </item>
      <item path="Curso.cpp" ex="false" tool="1" flavor2="0">
      </item>
      <item path="Curso.h" ex="false" tool="3" flavor2="0">
      </item>
      <item path="Estudiante.cpp" ex="false" tool="1" flavor2="0">
      </item>
      <item path="Estudiante.h" ex="false" tool="3" flavor2="0">
      </item>
      <item path="Gestor.cpp" ex="false" tool="1" flavor2="0">
      </item>
      <item path="Gestor.h" ex="false" tool="3" flavor2="0">
      </item>
      <item path="ListaAulas.cpp" ex="false" tool="1" flavor2="0">
      </item>
      <item path="ListaAulas.h" ex="false" tool="3" flavor2="0">
      </item>
      <item path="ListaCursos.cpp" ex="false" tool="1" flavor2="0">
      </item>
      <item path="ListaCursos.h" ex="false" tool="3" flavor2="0">
      </item>
      <item path="ListaEstudiantes.cpp" ex="false" tool="1" flavor2="0">
      </item>
      <item path="ListaEstudiantes.h" ex="false" tool="3" flavor2="0">
      </item>
      <item path="ListaGeneralEstudiantes.cpp" ex="false" tool="1" flavor2="0">
      </item>
      <item path="ListaGeneralEstudiantes.h" ex="false" tool="3" flavor2="0">
      </item>
      <item path="NodoCurso.cpp" ex="false" tool="1" flavor2="0">
      </item>
      <item path="NodoCurso.h" ex="false" tool="3" flavor2="0">
      </item>
      <item path="NodoEstudiante.cpp" ex="false" tool="1" flavor2="0">
      </item>
      <item path="NodoEstudiante.h" ex="false" tool="3" flavor2="0">
      </item>
      <item path="NodoGeneral.cpp" ex="false" tool="1" flavor2="0">
      </item>
      <item path="NodoGeneral.h" ex="false" tool="3" flavor2="0">
      </item>
      <item path="main.cpp" ex="false" tool="1" flavor2="0">
      </item>
    </conf>
    <conf name="Release" type="1">
      <toolsSet>
        <compilerSet>default</compilerSet>
        <dependencyChecking>true</dependencyChecking>
        <rebuildPropChanged>false</rebuildPropChanged>
      </toolsSet>
      <compileType>
        <cTool>
          <developmentMode>5</developmentMode>
        </cTool>
        <ccTool>
          <developmentMode>5</developmentMode>
        </ccTool>
        <fortranCompilerTool>
          <developmentMode>5</developmentMode>
        </fortranCompilerTool>
        <asmTool>
          <developmentMode>5</developmentMode>
        </asmTool>
      </compileType>
      <item path="Aula.cpp" ex="false" tool="1" flavor2="0">
      </item>
      <item path="Aula.h" ex="false" tool="3" flavor2="0">
      </item>
      <item path="Curso.cpp" ex="false" tool="1" flavor2="0">
      </item>
      <item path="Curso.h" ex="false" tool="3" flavor2="0">
      </item>
      <item path="Estudiante.cpp" ex="false" tool="1" flavor2="0">
      </item>
      <item path="Estudiante.h" ex="false" tool="3" flavor2="0">
      </item>
      <item path="Gestor.cpp" ex="false" tool="1" flavor2="0">
      </item>
      <item path="Gestor.h" ex="false" tool="3" flavor2="0">
      </item>
      <item path="ListaAulas.cpp" ex="false" tool="1" flavor2="0">
      </item>
      <item path="ListaAulas.h" ex="false" tool="3" flavor2="0">
      </item>
      <item path="ListaCursos.cpp" ex="false" tool="1" flavor2="0">
      </item>
      <item path="ListaCursos.h" ex="false" tool="3" flavor2="0">
      </item>
      <item path="ListaEstudiantes.cpp" ex="false" tool="1" flavor2="0">
      </item>
      <item path="ListaEstudiantes.h" ex="false" tool="3" flavor2="0">
      </item>
      <item path="ListaGeneralEstudiantes.cpp" ex="false" tool="1" flavor2="0">
      </item>
      <item path="ListaGeneralEstudiantes.h" ex="false" tool="3" flavor2="0">
      </item>
      <item path="NodoCurso.cpp" ex="false" tool="1" flavor2="0">
      </item>
      <item path="NodoCurso.h" ex="false" tool="3" flavor2="0">
      </item>
      <item path="NodoEstudiante.cpp" ex="false" tool="1" flavor2="0">
      </item>
      <item path="NodoEstudiante.h" ex="false" tool="3" flavor2="0">
      </item>
      <item path="NodoGeneral.cpp" ex="false" tool="1" flavor2="0">
      </item>
      <item path="NodoGeneral.h" ex="false" tool="3" flavor2="0">
      </item>
      <item path="main.cpp" ex="false" tool="1" flavor2="0">
      </item>
    </conf>
  </confs>
</configurationDescriptor>
