<?xml version="1.0" encoding="UTF-8"?>
<configurationDescriptor version="100">
  <logicalFolder name="root" displayName="root" projectFiles="true" kind="ROOT">
    <logicalFolder name="HeaderFiles"
                   displayName="Header Files"
                   projectFiles="true">
      <itemPath>Carta.h</itemPath>
      <itemPath>Gestor.h</itemPath>
      <itemPath>Jugador.h</itemPath>
      <itemPath>ListaJugadores.h</itemPath>
      <itemPath>ListaRecords.h</itemPath>
      <itemPath>Mazo.h</itemPath>
      <itemPath>NodoCarta.h</itemPath>
      <itemPath>NodoJugador.h</itemPath>
      <itemPath>Partida.h</itemPath>
    </logicalFolder>
    <logicalFolder name="ResourceFiles"
                   displayName="Resource Files"
                   projectFiles="true">
    </logicalFolder>
    <logicalFolder name="SourceFiles"
                   displayName="Source Files"
                   projectFiles="true">
      <itemPath>Carta.cpp</itemPath>
      <itemPath>Gestor.cpp</itemPath>
      <itemPath>Jugador.cpp</itemPath>
      <itemPath>ListaJugadores.cpp</itemPath>
      <itemPath>ListaRecords.cpp</itemPath>
      <itemPath>Mazo.cpp</itemPath>
      <itemPath>NodoCarta.cpp</itemPath>
      <itemPath>NodoJugador.cpp</itemPath>
      <itemPath>Partida.cpp</itemPath>
      <itemPath>main.cpp</itemPath>
    </logicalFolder>
    <logicalFolder name="TestFiles"
                   displayName="Test Files"
                   projectFiles="false"
                   kind="TEST_LOGICAL_FOLDER">
    </logicalFolder>
    <logicalFolder name="ExternalFiles"
                   displayName="Important Files"
                   projectFiles="false"
                   kind="IMPORTANT_FILES_FOLDER">
      <itemPath>Makefile</itemPath>
    </logicalFolder>
  </logicalFolder>
  <projectmakefile>Makefile</projectmakefile>
  <confs>
    <conf name="Debug" type="1">
      <toolsSet>
        <compilerSet>default</compilerSet>
        <dependencyChecking>true</dependencyChecking>
        <rebuildPropChanged>false</rebuildPropChanged>
      </toolsSet>
      <compileType>
      </compileType>
      <item path="Carta.cpp" ex="false" tool="1" flavor2="0">
      </item>
      <item path="Carta.h" ex="false" tool="3" flavor2="0">
      </item>
      <item path="Gestor.cpp" ex="false" tool="1" flavor2="0">
      </item>
      <item path="Gestor.h" ex="false" tool="3" flavor2="0">
      </item>
      <item path="Jugador.cpp" ex="false" tool="1" flavor2="0">
      </item>
      <item path="Jugador.h" ex="false" tool="3" flavor2="0">
      </item>
      <item path="ListaJugadores.cpp" ex="false" tool="1" flavor2="0">
      </item>
      <item path="ListaJugadores.h" ex="false" tool="3" flavor2="0">
      </item>
      <item path="ListaRecords.cpp" ex="false" tool="1" flavor2="0">
      </item>
      <item path="ListaRecords.h" ex="false" tool="3" flavor2="0">
      </item>
      <item path="Mazo.cpp" ex="false" tool="1" flavor2="0">
      </item>
      <item path="Mazo.h" ex="false" tool="3" flavor2="0">
      </item>
      <item path="NodoCarta.cpp" ex="false" tool="1" flavor2="0">
      </item>
      <item path="NodoCarta.h" ex="false" tool="3" flavor2="0">
      </item>
      <item path="NodoJugador.cpp" ex="false" tool="1" flavor2="0">
      </item>
      <item path="NodoJugador.h" ex="false" tool="3" flavor2="0">
      </item>
      <item path="Partida.cpp" ex="false" tool="1" flavor2="0">
      </item>
      <item path="Partida.h" ex="false" tool="3" flavor2="0">
      </item>
      <item path="main.cpp" ex="false" tool="1" flavor2="0">
      </item>
    </conf>
    <conf name="Release" type="1">
      <toolsSet>
        <compilerSet>default</compilerSet>
        <dependencyChecking>true</dependencyChecking>
        <rebuildPropChanged>false</rebuildPropChanged>
      </toolsSet>
      <compileType>
        <cTool>
          <developmentMode>5</developmentMode>
        </cTool>
        <ccTool>
          <developmentMode>5</developmentMode>
        </ccTool>
        <fortranCompilerTool>
          <developmentMode>5</developmentMode>
        </fortranCompilerTool>
        <asmTool>
          <developmentMode>5</developmentMode>
        </asmTool>
      </compileType>
      <item path="Carta.cpp" ex="false" tool="1" flavor2="0">
      </item>
      <item path="Carta.h" ex="false" tool="3" flavor2="0">
      </item>
      <item path="Gestor.cpp" ex="false" tool="1" flavor2="0">
      </item>
      <item path="Gestor.h" ex="false" tool="3" flavor2="0">
      </item>
      <item path="Jugador.cpp" ex="false" tool="1" flavor2="0">
      </item>
      <item path="Jugador.h" ex="false" tool="3" flavor2="0">
      </item>
      <item path="ListaJugadores.cpp" ex="false" tool="1" flavor2="0">
      </item>
      <item path="ListaJugadores.h" ex="false" tool="3" flavor2="0">
      </item>
      <item path="ListaRecords.cpp" ex="false" tool="1" flavor2="0">
      </item>
      <item path="ListaRecords.h" ex="false" tool="3" flavor2="0">
      </item>
      <item path="Mazo.cpp" ex="false" tool="1" flavor2="0">
      </item>
      <item path="Mazo.h" ex="false" tool="3" flavor2="0">
      </item>
      <item path="NodoCarta.cpp" ex="false" tool="1" flavor2="0">
      </item>
      <item path="NodoCarta.h" ex="false" tool="3" flavor2="0">
      </item>
      <item path="NodoJugador.cpp" ex="false" tool="1" flavor2="0">
      </item>
      <item path="NodoJugador.h" ex="false" tool="3" flavor2="0">
      </item>
      <item path="Partida.cpp" ex="false" tool="1" flavor2="0">
      </item>
      <item path="Partida.h" ex="false" tool="3" flavor2="0">
      </item>
      <item path="main.cpp" ex="false" tool="1" flavor2="0">
      </item>
    </conf>
  </confs>
</configurationDescriptor>
